PIDN,Ca,P,pH,SOC,Sand
09gt9UK5,-0.589931919135,-0.0982929832743,-1.09641098897,-0.456650152617,1.43794944115
0BVvxJ6a,0.682868305158,0.473276538616,1.12745450058,0.193784259127,-1.0564788797
0KbdgApg,-0.114209238175,-0.0553527242133,0.0249931051117,0.415738848367,-0.871375241627
0MnuuduB,-0.203775815251,-0.360270076068,-0.26217813878,0.577414532745,-0.868861331386
0PcIsF9z,-0.49374737646,-0.439151284334,-1.61221591894,0.273219017274,0.0124539577759
0ShTFLYJ,-0.50550478702,-0.741633746727,-0.382735434016,-0.983740214107,0.69057949919
0XZh9jka,-0.211776864386,-1.51600263965,-0.970585993447,1.14017392296,-0.743582449346
0Y7Wegri,-0.504392703307,1.35565660977,0.711792346259,0.218102206206,0.101900995788
0dTqplIM,0.170917227027,-0.029866735794,0.507066236074,0.504519205884,-0.987270866358
0lNiZicC,-0.819668916263,-0.582691853721,-1.20069915053,-0.508961565467,0.671212551684
0rGeJ0QN,-0.663657871301,0.106568789419,-0.499658086445,0.116329208781,0.0374090932962
0sXI9ytQ,-0.647728114391,0.0750989098897,-0.298760230536,-0.712185785437,1.96465126075
0ukt4aP6,0.770034284802,0.262466599887,1.43745126228,-1.0851988117,0.581185746665
1AGspb8f,-0.383954362597,-0.535796789573,-0.96607026367,-0.0879818595515,-1.00712938389
1Csy0gvE,-0.413333158121,0.178513995069,-0.19478274924,-0.567197780378,0.895368093711
1Ic2hly1,-0.441807916721,0.0912624109463,-0.46515492736,0.0976057951402,0.57907447773
1PPbaTwt,-0.356085957395,0.478216896524,-0.521397267901,-0.400607153418,0.979973085545
1SO5VJNy,-0.278298161012,0.0690358852863,0.20514820652,-0.421882708619,0.623701777419
1arHxK3Y,0.68811438024,0.612079160236,1.55348328605,0.286928183818,-0.323652862439
1fCW4Bba,-0.582765126469,0.891857269926,-0.145469448982,-0.698831732688,1.16933423353
1qDZNvIm,-0.656752871763,0.0335140804538,0.0350714746417,-0.798514876087,1.4878864128
28LYJC2V,-0.310201225453,0.0513277248837,-1.0137517061,0.623822414761,-0.774652755469
2CzACvQq,0.491147194191,0.472800835831,1.62838280448,-0.429016876004,-0.408745192097
2FT3crfv,-0.19909521986,-0.305698981918,0.0260567997925,0.118331635727,-0.75738293208
2Fy2uHVg,-0.373567500076,-0.0728202404776,-0.461232745844,-0.7661256106,-0.528636332106
2MkMEApm,-0.500266959656,0.540779464367,-0.0270234548656,-0.639201428511,1.51086668416
2NDGWEOe,0.699581243076,0.379628705371,1.72772079025,-0.876910386254,-0.100304973127
2NyyCiqn,-0.272384493273,0.096409499061,0.147148509255,-0.491267204003,0.656055691004
2QRzIb84,0.359894080842,0.907690583504,1.4413522461,-0.501460162691,0.251773513272
2QcbdrUZ,-0.619213415687,-0.396680838153,-0.233204578717,-0.390358773456,0.70812112952
2YgAimWK,-0.407400337971,0.345424197759,0.0513146878954,-0.565160504518,1.17585346825
2cx85d9H,0.0139707335227,-0.116025467542,-0.0355562260679,0.543633857651,-1.03918730736
2homMXMV,-0.463586548895,0.0420440381926,-1.32846845525,0.345794163361,0.931998107398
2ldLrUtq,-0.56649535954,-0.277825188168,-0.400645250906,-0.509161802937,-0.134614389364
2nsACW6G,-0.274777733541,-0.131262586157,-1.09342496598,1.33931421022,-0.956186498522
2yMbVnWc,-0.673605362895,0.777799359645,-1.70309853223,2.66695404535,0.891289039827
36r8sgGQ,-0.335353231127,-0.0956830348078,-0.10479921257,-0.769916442487,0.758254974164
3NXAXCl3,-0.666117030016,-1.32826180329,-0.950921371176,0.401819608074,-0.855464752932
3QG0z6fl,-0.567242313863,0.304792960876,-1.25830163568,-0.295426829044,1.03282123828
3WS8R9qm,0.0759355583498,-1.02832487913,-1.29743938615,2.34462094211,-1.09583156917
3fRLm8f5,-0.21577496678,-0.205443840175,-0.538631813864,0.0906930102301,0.39753690533
3mZhp1nQ,-0.712554968587,-0.511405241356,-0.304086105648,-0.567056810169,0.766657977675
3pikJXRL,-0.50355483088,-0.731489355466,-0.900952057462,0.667248597933,-0.783616088008
3pxOEGHL,-0.378977822699,-0.246102835471,-0.411415772797,-0.742333686312,0.841034596377
3ttdV3f5,-0.553488605589,0.665085935702,-0.565724173475,-0.106075825942,-0.490065308938
3v4X6Mfe,1.12844837707,-0.378811976965,1.83572363964,-0.968565915059,0.319307703137
3wORuPiv,-0.573392407775,-0.304366706961,-0.659897744336,-0.245712293855,-0.777881103796
43EfrxZj,0.162493508703,0.154545012087,-0.328469401926,0.366581356339,-0.33217852823
457Vwm21,0.116684047823,0.940404159055,0.649929396606,0.856661875223,-0.694816732625
46KNnOdx,-0.390638239926,0.185472890618,-0.84677528971,-0.201590753552,-0.329675845821
47TwNsVC,-0.445925203863,-0.73453811723,-1.35468479913,1.6419784423,-1.03307242757
49856RpO,-0.43914960713,-0.73106615445,-0.629202439905,-0.725740374141,-0.816908055794
4Ane1o2N,-0.287728144925,-0.428528520957,-0.452755868697,-0.515654682477,0.329647529798
4AyVUgSc,-0.595133414282,-0.238628324838,-0.44680804348,-0.558980493961,0.359561569841
4B1951On,-0.191958141999,0.251006622147,0.00974239712507,-0.182288778719,0.76126305679
4OL39Teo,0.0634727647803,0.454919259291,-0.0886454443897,0.392113060586,-0.0274420855486
4eQ90eLY,-0.0857017231973,0.482462675487,-0.19198298011,0.688150027446,0.0934694316681
4o5jwMj8,-0.411701784824,-0.620286849168,-0.550182711848,-0.727775445047,0.0953211571459
4vPgpl2c,-0.455463154901,-0.623629171633,-0.359952008225,-0.903436078207,0.524771926277
51r9aA0d,-0.60744723407,-0.220607719767,-0.138775800321,-0.572860069264,0.13072745702
58SmeRoP,-0.423899792593,0.126594967509,-0.125724651357,-0.139570686905,-0.454027319918
5HJp1AXn,-0.371231400691,-0.104485761861,-0.868924460611,0.647080782958,-0.315119383539
5MBZW7fx,-0.0667897046758,-0.023263275169,1.02454616831,-0.775602372875,0.35431374613
5Nq3gHaP,0.285100053572,0.921651421527,0.289029580064,0.755808538328,0.255045080556
5RmwFFK3,0.727682786368,0.997657423597,0.0642008535392,0.301338339218,-1.11527366505
5Tu5Jbov,-0.431365397797,-0.0399224146316,-0.51023626305,-0.179343758883,-0.548072152336
5YEolkev,-0.37556160426,-0.446936147584,-0.295547385124,-0.464231035267,-0.0915072502258
5a8sf6QV,-0.0242635580714,-0.0982786726161,0.442877906513,0.186477963501,-0.747211918379
5eSvmqYm,-0.374962588957,0.138447865682,-0.13670037715,-0.824314084679,-0.487459038166
5hkN8fiv,-0.409766114514,-0.368049590426,-1.23773770202,1.16782649869,-0.580615760194
5oK8Gti5,-0.515654088365,0.109979620571,-0.54179913313,-0.504237445186,1.53752969911
5paniGaU,-0.613296564327,-0.0199115894449,-0.809461468635,-0.799747339871,1.66993044725
5vsr7ZUP,0.536059196899,0.0587071158606,1.34943063785,-0.293846544064,-0.800775196361
60B4xMWI,-0.413573727526,0.326310400222,0.474328042183,-0.665746008281,0.787643088057
64jOUtKy,0.399401261161,1.1214314414,0.0344027466053,2.20679158708,-0.808794103087
6AJo4xNG,-0.615313052482,0.120393141722,-0.565594361425,0.286282758912,0.487122420844
6CAvhEte,-0.387666228867,0.151678390521,-0.682636013247,-0.215267169232,1.00335561059
6CuGYjT5,2.38069981997,-0.151354498682,1.5894664462,0.608956479317,-1.3008326456
6DGH8ujZ,-0.367324183324,-0.307475327732,-1.16965316007,0.462664517259,-0.186541224248
6PzsGdVm,-0.289935944959,-0.0100749483519,-0.678919762272,0.607105093258,-0.184162515829
6UcSJMbq,-0.306851449169,0.729527313129,0.678911261926,-0.834297063428,0.487975167356
6WJbkH8U,1.12592776996,-0.222138195855,1.82047642055,-0.00759626927238,-1.02780062772
6eUWsVzw,0.601002390903,0.574792195125,1.58109212367,-0.343843886687,-0.938210788563
6gNyO7Do,0.0578028984944,-0.0080552048986,0.146303822984,0.82670489803,-1.01877356744
6jT0AyHe,0.0599024765527,-0.411016621227,0.395951883678,0.332789023474,-1.28845044271
6nBgCvWu,-0.732044344847,-0.396649374683,-0.225405271971,-0.336532564355,1.23611081797
6ro5mqg6,-0.165931569568,-0.215079397778,-0.158329609912,-0.668236433569,0.617363273035
6sGqObX4,-0.74200576168,-0.439811418619,-0.494043689753,-0.641216583365,-0.819880756682
6uEGy0n4,1.76573037182,-0.0687812708576,2.08516153623,-0.648318311874,-0.664766662635
7BZ4LxP8,-0.0901582255887,-0.198648703304,-0.0319835517295,-0.39881484058,-0.198944949425
7CmigXKi,-0.441861150093,-0.108341377277,-1.02885569253,-0.402867167393,0.995178483735
7Ga0LpfR,0.412712757715,1.63707735919,-0.628417849839,2.21534066392,-0.617721464436
7PQsFvsG,-0.452178398231,-0.024226148269,-1.63877742745,1.24471761284,-0.0168680549215
7aF7nnwn,-0.756483670262,-0.213295036543,-0.516196194952,-0.733759793527,0.805560204314
7asGzfX9,-0.111238427972,-0.154136362586,-0.352318710732,-0.404385225955,0.268676705311
7cg7C92o,-0.277303086958,0.778777154533,0.258041270448,0.748879585917,0.317491496166
7eOxTpsB,-0.291953743303,0.242583433053,0.692851371694,-0.593031763016,1.17080649198
7ey0v7ma,-0.560093141138,-1.15666022895,-0.823923333376,0.184332660109,-1.12036283824
7gocyrYl,-0.327703707647,0.142621629038,-0.239460976078,0.921557250192,-0.125150739978
7gqR3GoA,-0.529548797553,-0.249464842601,-0.597774355086,-0.647899205914,-0.399988704938
7og7aUXB,-0.169034846708,0.115107410634,0.299221143093,-0.0516176799241,-0.0503865059755
7onRfa8F,0.270214029541,0.208918858436,0.804253736003,-0.322049678682,0.825733048306
7umkNuxM,-0.146551372325,0.0278989172424,-0.120029097197,0.104791483162,-0.63380161503
7vPr9ExD,0.0645029769133,-0.140663211066,0.315850462883,0.249859649049,-0.870738373248
7zNjpCzu,-0.527594910754,-0.087933166672,-0.22934947337,-0.391225813485,-0.705495291361
7ztsQNj3,-0.317201635615,0.250889297421,-0.199391022745,-0.478760946593,-0.685242873226
86gppwMI,-0.904954156281,-0.328184775402,-1.22911293128,-0.170918582884,1.35878998471
88thAGdL,-0.409498800088,-0.0149870008991,0.00709032658022,-0.126641628066,0.0247970196064
8GhU8STP,0.729431061002,0.738689910366,1.40361243282,0.37859865435,-0.609354680226
8NlzDcWe,-0.512204089719,-0.0826302632878,-0.687470068424,-0.500484303707,0.304952587831
8QAejdLW,-0.203447905864,-0.0850654848222,0.0578308363724,0.555021846063,-0.919937729091
8RDeFxWM,-0.302212015158,0.244952241264,0.143166197824,-0.707654692971,1.33052702451
8UXP2NBS,-0.617789878545,-0.232675653076,-0.426744327199,-0.894971264409,0.771918338074
8ZoV3KGT,-0.36921774608,-0.254507714329,-0.0373715282059,-0.256551870063,-0.334598790324
8ajs2uG8,-0.467134581809,-0.669994208081,-0.635790126644,-0.5352781224,-0.784130146254
8bXnz62p,-0.228028748489,0.522198046497,0.280739206097,0.326556314686,0.784747538274
8nO1O1LG,1.32603906402,1.37721978927,1.61787267305,1.26451515346,-0.943512101958
8xE1p8g8,-0.495884002765,-0.13306581712,-0.352628085386,-0.556082757481,-0.351696714252
8yMDVMRM,-0.419041336949,-0.518393209257,-0.872694741098,-0.700656109385,-0.647669946255
98R5VaPi,0.583687557621,0.539411663652,1.58653077919,-0.918662961821,1.12196479717
9DcTz2Ua,2.69143458621,0.14628228282,1.77183227895,0.546604975911,-0.657959630517
9G7nfUrK,-0.309166323743,0.238846641858,-0.331174066676,-0.499759737835,0.926914754191
9O6GZ1HT,-0.0925049130063,0.929839704431,0.704716274963,-0.767452668736,0.00867134533298
9S7fCoAM,-0.685661348114,-0.289976195693,-0.247654435973,-0.411485113248,0.947716698223
9iQwmFJR,-0.363065422137,-0.00929289021053,-0.28353150934,-0.522710464073,0.853541462796
A3Mt6SAQ,1.2886275165,-0.400030353261,2.16130055938,-1.49647491662,0.608195422293
AJIsQIcV,-0.438377039393,-0.0762679226305,-0.786507105206,-0.225816272752,1.17767462995
AMHKXMh8,1.67144416517,0.697983078201,2.12951825441,-0.624016790063,-0.413454869732
ASwA2J4E,-0.178678596064,0.0659360070862,0.315970595319,-0.438841899735,0.616443569637
AaFvEoHq,-0.39250813636,0.0800971059081,0.31735973756,-0.760798818133,0.968224918823
AiIPD6hX,-0.134904316491,0.0434929452707,-0.664213767408,0.697032366419,-0.195795324874
AsIURvJS,-0.334895928782,-0.162685985279,-0.659931583856,0.956692011634,-0.568610219308
AsvgbJ0C,-0.27701595134,0.12092406689,-0.706443518821,0.908182040505,0.267674339017
AxEhbkCM,-0.585498252225,-0.80327910386,-0.49676140791,-0.904310227998,-0.301778102465
B7VPkIpx,-0.537020687931,0.149717893409,0.420030850268,-0.894235011512,1.21434669674
BBwHqHiH,-0.195298953774,-0.470835522873,0.116822127748,0.224510141036,-1.03678567907
BMyps8hr,-0.227184172175,-0.549856659726,-0.705209272476,-0.229990176885,-0.434098948854
BUHS4dQw,0.167192170007,0.899591093961,0.149568162497,2.83265336518,-0.779265327934
BZB3EYWQ,-0.142326317952,0.0350084944067,0.229553811542,-0.3537064203,0.872416553261
C5UPCZcL,3.43893906749,-0.00698693606866,1.94341250431,0.869271474784,-0.852701560208
C5gIfQbJ,-0.410132757334,-0.656250052107,-1.27767684602,1.39858175087,-0.92528945871
CDRuu4Pn,-0.320559140673,-0.0215245249098,-0.232637155747,-0.697457555252,1.20504101114
CQhTYkqE,0.781676327515,1.58564769993,1.09676824131,0.494666227796,-1.24417409667
CSEobMXv,-0.603894932225,-0.892800696399,-1.02175367837,0.525562964686,-0.526415987785
CYMQE4x0,0.14358118783,1.02793378779,1.64597355165,-0.0335362870004,0.90718231381
ChQdtl4J,-0.681286221466,-0.748087876756,-0.320421352597,-0.791986107807,0.649373278565
ChnD1nrN,-0.582676951495,-0.476479551075,-0.714537028377,-0.630251973384,0.165283603247
CvtbbIcq,1.11941905652,-0.112393973191,1.47012556656,-0.515853920308,0.236047709111
Cxk06b77,-0.201978435285,0.31142099029,0.682631126802,-0.175666990612,0.454495931725
D3QD3ZEJ,-0.0254672002278,0.0869666412431,0.239040226463,0.325670738289,-0.00536813981735
D8J5C6lA,0.462301295302,0.942298522996,1.27850056723,0.225123173195,-0.407573423002
DCeQwYfT,-0.215490302548,0.194846797849,-0.250808051815,0.0529032060759,-0.955401994703
DDEftkx3,-0.598855244994,0.0725088135262,-0.703270770808,-0.704448810927,1.48138016642
DEwCfeDW,-0.605589104138,0.0702708373798,-0.117938168577,0.0311701471698,0.713205815332
DMkIV4oL,-0.396799773763,-0.347987880472,-0.679298709171,-0.777031301241,0.418611765822
DnzGfbxS,-0.218687162193,0.0443165442877,-0.331891232377,0.152100943832,-0.366615586927
DoZxo6f6,-0.373234090683,-0.519051171418,-0.168032437421,-0.806988479976,0.790630761567
DvhBPGIk,-0.387566081962,-0.189333859252,-0.490478723924,-0.594379912029,-0.344083522408
Dx7GoUcT,-0.808380628844,-0.355559080759,-0.306091305117,-0.478784109938,1.3884277992
E5hIjohO,0.511751740071,0.200874529902,0.0456123088752,1.4554337071,-1.23421995792
E6x4XGHt,-0.46884467845,0.345084516348,-0.40597732667,-0.428480938233,1.42233445865
EDEpAzh1,-0.542224166966,-0.177931265546,-0.46059411977,-0.608536336617,-0.803764466036
ETGudkQt,-0.414967016922,0.0134344797079,-0.148981906008,-0.670385534834,0.803602328507
EUleKrLJ,1.88267954937,0.116500256286,1.84468751541,0.265575270102,-0.442693142906
Ehw2Jz6s,-0.287314875766,-0.517583281032,-0.269394976094,-0.670101869217,-0.122300329161
EjqzC4zH,-0.409630896648,-0.0812056107527,0.182807756904,-0.953172797216,1.05818543267
EkMZO3Qj,-0.583777438899,-0.137398609252,-0.426826436823,-0.687180153068,0.899058601761
EnoNXWvU,-0.265210975343,0.858127737935,0.721887880356,-0.81562024988,0.471106505124
Epv8ANwr,-0.215128134525,-0.169888126973,-0.339311653671,0.378585711019,-0.268777595262
Etro9j0B,-0.311619507215,0.847205021835,0.877333706295,0.163138120162,0.333458561845
F3MIZj76,-0.238545598915,-0.317517272797,-0.49171732353,-0.287752741733,-0.956576736724
FB8tU00K,-0.351553544739,0.0131882951884,-1.04627212123,0.422921171493,-0.620204940865
FLhxBGMK,0.0885967829625,0.00950683238422,0.609957405864,-0.0313379002438,-1.19512435412
FRreR8ka,-0.619740169657,-0.676631896494,-0.486178619448,-0.362959553804,0.490951277267
FXne4oAV,0.548571894514,0.163921727358,0.835590298638,-0.399434114368,-0.632509419581
FaW764jk,-0.335928228629,0.485276353129,0.687157872541,-0.219254683214,0.432954223543
FeAbMXly,-0.611233674068,-0.418907522392,-1.14082371583,-0.801907434216,0.626509122785
FeudaFXn,1.7255375243,0.513200964363,2.31999423807,-1.21098203577,-0.597069009954
FldUmFeM,1.69455741519,-0.188372188248,1.54791364811,-0.950967724707,0.351552932383
Fnv5tfAm,-0.133675874048,0.00608274730256,-0.364084881656,-0.582544222145,-1.13187035906
FvrAd3Or,-0.391364548852,-0.086558752676,0.447254105947,-0.678489747177,0.642272818535
G48zHffi,0.153127647127,0.712997195981,1.22494093033,-0.733578858106,0.526360203987
G76zCv5N,-0.383207861123,-0.381375827293,-0.289153060195,-0.476029617418,0.174431150762
G7JGUdNf,0.044796567072,-0.0343293894878,0.422877000914,0.041319306085,-0.911414295144
GCo6MONx,0.848833330217,0.538473973706,1.28821569187,0.560811204266,-0.945219957691
GE0vbpVQ,-0.130663481348,0.313639184679,0.270037526973,-0.455553994901,1.04172015
GN0DfOqt,-0.321343634034,0.15361104356,-0.291200873325,-0.502466554759,0.717474109767
GNsTAb1v,-0.46762236431,-0.903520808386,-0.850866138286,-0.411534158562,-0.866995969476
GPwmO21z,-0.329474503005,-0.426727766014,-0.462992197592,-0.0983966815079,-0.412851433045
GQYpfLoh,0.765248840771,1.13418674928,-0.0140736793129,0.792307831225,-0.961954017965
GR9knT8n,-0.41598422026,-0.0482183262251,-1.50572881343,1.18231558257,-0.0869915933898
GXtFFbZy,-0.191196865793,0.285624085749,0.315299528583,-0.185544608951,-0.177860867564
GYvzvvFD,-0.628943235872,-0.455506544924,-1.03542414507,-0.459776480591,0.416851711014
GemPjTJ9,-0.607681751012,-0.840067043754,-1.61883222431,-0.368164950924,-0.808864981117
GkLYRm1K,1.97804259667,0.318037486481,2.12001985054,-0.751481279441,-0.806387887996
GmlqP8eI,-0.403754498708,-0.598567712324,-0.311122110954,-0.813537849188,-0.217061184879
GqkIrOvf,-0.439208996846,-0.158938489613,-0.821694917741,0.532759006382,-1.12523946494
H0fsegPi,-0.592799361245,-0.644147799151,-0.357362327872,-0.536509402177,0.452058137789
H4dHpJjU,1.97164231032,0.427094546482,1.9190543606,0.405253142219,-0.673695169095
H5QwJCuU,2.39953132232,1.44091743393,1.91247519769,0.578355141782,-0.18130048981
H5uwmSZ0,-0.54142721355,-0.111627568569,-0.349609246262,-0.649489609944,0.833893907485
H8MtbVoL,-0.305388842145,0.0629291495332,0.17804990637,-0.197436018894,-0.325639684084
H9JrUYnp,-0.624672042074,-0.494284858975,-0.348122712598,-0.0506065291829,0.546699487423
HHYmmHVk,-0.528315807869,-0.0199284654643,-0.622540806255,-0.727561969424,1.66281674515
HJ5U4uqL,-0.517807958874,-0.539227134582,-1.1789651922,-0.580734427639,-0.162610412868
HNQxYc4w,-0.180596531949,-0.526766435748,-0.229794143374,-0.650889508803,-0.0187687100945
HQYhKHZ8,-0.490921635028,-0.378612444005,-0.413751994707,-0.490792693131,-0.129823936782
HSCMx0MC,-0.344918812642,0.163501682602,0.258588825057,-0.744442199484,1.2700106863
HXYuE0fx,2.02841617156,0.185022511269,1.72546053563,0.0161571706904,-0.540122008383
HdKcxEWr,0.164899518753,0.998029381641,0.410289384807,0.563429989757,0.596140714758
HecW1iCC,-0.656696339466,-0.319062213473,-0.667870359455,-0.747543403822,-0.940399657389
HpbKB8rv,-0.477052579262,-0.687293207967,-1.34330930894,1.52268910622,-0.655819075536
HrkoYjCg,0.037326828729,0.448961085077,0.180481863681,0.959892404449,-1.0373413642
I5P2uquT,-0.314760638126,0.0782759439177,0.0153914334233,-0.305200432359,0.909775819296
I94qkDM7,-0.879422200967,-0.708348548209,-1.45924510834,-0.375768342627,0.727461811217
I9sQbtt8,-0.498431030843,-0.631193348042,-1.31423392018,1.97807483506,-0.515573979316
IFxgw6ZX,-0.461583546914,-0.42073911134,-0.478005037847,-0.560775873031,0.0643577698459
IPPPSyoU,-0.369090956364,0.113520114793,-0.846405576612,-0.233693985463,-0.902905902264
IQOYQubU,1.51434080288,0.378472797421,1.54008506756,0.0401418732005,-0.553985456486
IYNE2SxU,-0.474058020246,0.148970013509,-0.39553634445,-0.43302225632,-0.926917094456
IZRFk9kN,-0.0868370878512,0.142077037336,-0.0902650746667,-0.338723205972,0.204771251051
Iaq3v0t3,1.10205288411,-0.192727172959,2.16782644278,-1.22846057016,0.553211276767
IbVwu1t6,-0.426030324923,-0.461957668251,-1.09694179032,0.0888008481883,-0.155431816309
IcHKTLyo,0.0224114490088,0.26083850138,0.304629430623,0.600917319693,-1.29842732745
IpW80wVB,-0.164471644082,-0.241220455211,-0.366011573275,0.0622462712974,-0.278002421816
Itb0PYUV,1.30427675992,0.540063871833,1.71952090863,0.889770728694,-0.926456832252
J8fpSwS0,-0.468106339337,0.282270346049,0.673494522275,-0.791099130159,1.26420615067
JE1SlbD0,0.513215733931,0.687983687541,0.712121045386,2.03952288728,-1.12024694994
JEB4McNb,0.998867948226,-0.108105764285,1.64763885626,0.0863707880552,-1.07554579121
JEE4QVeQ,-0.242437738417,-0.490632274217,-0.0568252076693,-0.436787918511,-0.61220575609
JJSEU2VQ,-0.592729320621,-0.0551666262078,-0.156282588783,-0.529233492981,1.23324129645
JSsVriP2,-0.102047311166,-0.360127373257,0.645839163919,-0.768235201216,0.167498105352
JUvQNiOK,0.0656817248539,0.0245607198869,0.36231881513,-0.333800685373,0.394777264583
JZbrRtm2,-0.010784713541,0.762800124615,0.790920377913,-0.840718190816,0.210041337014
JcE9G92B,-0.19040745559,0.392560992009,-0.140585617985,0.726832162474,-0.146351961906
JnNYpXHr,0.138112486099,1.44302558333,0.241119857263,2.02615079478,-1.05384219818
JzpbnOtz,-0.584385363691,0.374284469582,-0.122428932783,-0.463772731289,1.04391546375
JzzUhPQp,1.99067461273,0.583260208064,2.03277889599,-0.522001620235,-0.835804734785
K05R8dQK,-0.0876937999236,-0.26124843152,-0.446769055544,0.377796940184,-1.13554219775
K17pG2mG,-0.184450546247,0.100372815404,0.80888456461,-0.772925026941,0.37270287599
K8BellUe,0.0869711095826,-0.97314875899,-0.115288241605,-0.122937653958,-1.19377479041
KJ2eH6rr,-0.193838564233,-0.753769070245,0.141979594705,-0.436682546709,-1.14128815037
KJEJ6Glk,0.552085682957,0.402770032701,0.643035726029,1.58636419562,-1.28356939577
KSbO0oXS,0.52026242238,2.25148541898,0.19454221004,3.0165687268,-1.1055070659
KXtvmd01,-0.298553281567,-0.28910489597,-0.226602594741,-0.650258123802,0.429716637895
KYiJqBuJ,0.000457479893222,-0.276078027947,0.890202056244,-0.88617832879,-0.502345603169
KmbAyTcE,-0.149404015553,0.201027816191,0.104420371914,-0.422818994655,0.143670456781
KnNyl3rV,0.174005652774,0.0848324033719,0.932719526182,-0.678045299437,0.916654857635
Kp2DG8TZ,-0.461589938069,0.00392590778913,0.22531475338,-0.775470594355,1.012923792
KqQtKWs5,-0.661600667871,-0.290713525463,-0.712897002942,-0.463205851278,0.315192666591
Ku27g63R,3.44499109102,0.566731821586,1.96219732072,0.123676150632,-0.412288932096
L2aTVqDq,-0.493311324152,-0.54553567006,-1.29344487885,1.0129583428,-0.770305274733
L5jvq6G4,-0.634441376643,0.0261590207621,-0.442085588101,-0.548691196231,0.727679394462
L91hYVQl,-0.479704074285,-0.481116986878,-0.511823450439,-0.664918857268,0.210452565744
LINAMlbA,-0.545910416272,-0.372664696296,-1.16104850286,0.317457354265,0.561145482307
LJoUNXSx,-0.484449013813,-0.496233240323,-1.40017616276,0.509466716688,-0.204793945655
LLtSiyWD,-0.383672021899,-0.491635702359,-0.527446138812,-0.596571626736,-0.38012228184
LQJtV8kn,0.0652175059007,-0.172784337435,0.881072568309,-0.073841150034,-1.09944502111
LW9uddw7,-0.519690628904,-1.03643512319,-0.838124919342,1.00168658675,-1.04590028352
LZ6sdBTR,0.615557640387,1.11010396179,1.2978739119,0.233307758678,-0.539843300509
La2Vhnne,0.0860767354352,0.768575602657,-0.00451500086865,1.78517474749,-0.474241789755
LaUWSq9B,-0.125899712552,-0.148954546301,0.00604199117486,0.0459274722356,-0.598468888154
Lk4SfkPQ,-0.650560281482,-0.413248223262,-0.660634728481,-0.283119432017,-0.871418518731
LllC836d,-0.0740779659372,-0.00136915951584,-0.385758967883,0.586639710817,0.0745612135872
LuGiGeWN,-0.755547502894,-0.0530811290744,-0.823806139236,-0.175846156745,0.83291045002
LzcyHcWa,-0.523855362536,-0.0422364071617,-0.526133306295,-0.596605287045,0.89770810636
M7veP0H4,-0.679185349462,-0.630008992118,-0.732191263935,-0.356713900834,0.709752509548
MB8aaJUc,-0.353083477836,-0.104878726617,-1.42265839584,0.994271681701,0.635893760934
MDpe2zuy,-0.41646642364,0.383143285699,-0.224875691375,-0.844467764853,-0.910436030941
MEzdmEIU,-0.256089368652,-0.130222356679,0.157593387856,-0.461994206555,0.17527887264
MVnhtivm,-0.296506306626,-0.433256789949,-0.392641640414,-0.404990259393,-0.411068996692
MYU7WDis,-0.320197168139,0.411706362338,0.48447589371,-0.87733191148,1.2383026257
MZFqh6yw,1.72541346356,0.861810169241,2.07128774562,-0.404602628207,0.256296905913
Mdgy4SsO,0.610567542469,1.97083168481,-0.107127171413,2.02669975038,-0.488126229847
Mj8awnzy,-0.358711233922,-0.04100375872,0.271685639532,-0.574743817413,1.50866714168
MpFPbUJy,1.91521056637,0.671133044089,1.8462441277,0.842679549622,-1.13236043404
Mqk7MFBM,-0.474213386038,0.2608011836,0.0593714133167,-0.831247305516,1.16798647521
Mqs2t1Eo,-0.492391873654,-0.192104245568,-0.482052551634,-0.124130214282,-0.880060563908
Mv3jFVxp,-0.232502595203,-0.0340522054581,0.199189065915,-0.08986014381,0.235346545346
MxODTXvA,0.159959445293,0.0192024147795,0.551103181315,0.32685883803,-1.33000484151
N46PbpPM,-0.414627313256,-0.0298398718254,0.281300401647,-0.843177715893,1.29148603595
N5S5F9Gk,-1.01127385462,-0.379270507855,-1.7380778321,-0.314981462192,0.973109288342
NLDg5fqw,0.194506363934,0.262094570798,0.487387773707,-0.67682766408,0.430127653075
NOho2ZiM,1.82809948949,0.384554154646,1.68620295813,0.232997269086,-0.631321523805
NUuY7PFU,1.57042107198,0.557713403915,1.6420252856,1.00091147021,-1.16826415733
NV1e8AEO,-0.414961734184,0.148866745203,0.360050052765,-0.496597727353,1.2356588713
NZLXROKC,0.150847736917,0.135747700045,0.145734563461,0.930055198454,-0.890026045132
NaJo7C6o,0.494715634413,0.202562888487,1.23289297993,-0.00845899235991,0.364872249677
NgsyGkrO,0.188278340876,-0.22715125336,0.55957735699,0.677027211911,-1.35074521712
NjOx4Zpo,-0.303253036212,-0.363744112415,-1.02673241796,0.876514381477,-1.30084832667
NmQoI7x0,2.3675129734,-0.00595044203924,2.38845983181,-0.974469208498,0.0991768601011
No4wkdLS,-0.620870655074,-0.677126631827,-0.966485338878,-0.512426849513,0.294506863209
NouMwhOf,-0.244158796277,-0.0610825321553,0.157184832962,-0.261186983871,-0.452324566804
O6YAWd8C,-0.158496468717,-0.603406680468,0.137470402201,0.0576146091451,-1.18112560592
OAXVphSh,2.39227472464,-0.137004967256,1.89580811747,-0.806238720276,0.848791903709
OJBBhb6Q,-0.780722599518,-0.36959838261,-0.296400989375,-0.920942774685,1.19211787846
OSIQXImL,0.65741185369,-0.220288776412,0.318178197627,0.580460705394,-1.36803711104
OUUFc5Zz,-0.396021209541,-0.090791348299,-0.0722641591787,-0.745988700748,1.10019564089
OVk1lquT,-0.0443982160684,0.808603796334,0.406446638659,1.30431285369,0.273724789615
OXdRxjzz,-0.32428463611,-0.214853940418,-0.713382604184,0.449404310152,-0.283768083622
OXxW2ekf,-0.386967703934,-0.250390032359,-0.611175778812,-0.898869560705,-0.113522812737
OXz5OpqR,-0.187481532182,0.563141199206,1.16736014173,-0.64424424933,0.542725658695
OcBFW1AX,-0.924698236293,-0.237499243428,-1.56300924675,0.490602193995,1.06771159946
Of9V2rpt,-0.195279154671,0.0919783805875,0.220413665001,0.0562793397298,-0.580992056441
OfLxPhbG,-0.216202507081,0.384341346178,0.242962311008,0.0799375684294,0.897469310541
Ojx2vi48,-0.544463068468,-0.439236423253,-0.642851769998,-0.605137694547,0.63485466583
P3M32iuT,-0.221043799616,-0.616337875978,-0.502903904709,-0.743227099492,0.343524356865
P7olVzrO,-0.401395907501,-0.237990842356,-0.18056430085,-0.426675056898,0.42880813587
PAPHErnv,-0.515819679425,0.139919212053,-0.955075491964,-0.277217365048,-0.632707946566
PBjEtfXb,-0.288185729011,-0.214512238994,-0.0430431218012,-0.418941191462,0.453073750339
PZGpoBBj,1.65795048455,-0.111452472582,2.04274545556,-0.582850872041,-0.661697330409
Pc2RrxXS,-0.639184456051,-0.211960297665,-0.420640814287,-0.700834303374,-0.230995899888
PcHQ4FOu,-0.424852003919,-0.152491513057,-0.742884831657,-0.130480035412,-0.0789086612953
PeNyTOVN,-0.224999023582,0.372205920653,-0.212766932175,-0.160879255323,0.644872440481
PhUPSU53,-0.630199461614,-0.199659589728,-0.455565478056,-0.317386594653,-0.254448359285
PmUNeV2O,-0.66215271042,-0.825610883524,-1.0426056478,-0.514744614772,0.429818075633
PoDJ0uvK,2.01823836885,1.00719359976,1.7675592173,-0.208684075799,0.0531330279421
PsUJdJdg,-0.0988423246366,0.321590649669,-0.346731240832,0.748974915536,0.0195061480359
Q3xLFx1f,-0.326070802704,-0.648579393878,-0.526188393366,-0.284405355547,-0.850622808937
QBGxCvdM,-0.114196389897,-0.31411640476,0.179433068609,-0.173145590248,-0.720015869236
QCEPyu6L,-0.350097122328,-0.142019891301,-1.10143594697,0.255594537889,-0.953790736848
QEfwec4s,3.17827007825,0.274345607492,2.23915162111,1.6379319686,-0.615568386721
QZ87Nnr3,-0.832680758256,-0.80944185386,-0.913159746057,-0.674849928776,0.796366290981
QlyGN9jv,-0.378344427857,0.318285644903,-0.285195420924,-0.577763169087,-0.15240593592
QqgWE1ny,-0.446485833271,-0.206732546445,-0.301696558964,0.139073121406,-0.716151643288
QrjjBpZd,-0.56377904742,-0.769032034476,-1.26985639888,1.13663324312,-0.472669056057
QsaBiX7V,-0.426567238656,0.0266169669539,-0.236157311118,-0.251060393859,-0.325814681637
QtBKJuZk,-0.448764132321,0.170583348252,-0.158759432901,-0.256386177255,1.22888819401
QtPRO8OJ,-0.593136022613,-0.0120051004599,-0.928925877001,-0.588421741727,0.607196529826
R8XcsFnp,-0.671571603882,0.36273411328,-0.501573283321,-0.678983349926,1.70131546495
RROfRt9z,-0.106064971437,-0.167669889523,0.174789355195,0.371027028533,-0.664355436381
RTcbiDGq,-0.589502942067,-0.334779412141,-0.55526253498,-0.435824082769,-0.0181998676688
RVidM9g0,-0.0521708650275,0.448855026414,1.19166645235,-1.00571663735,0.771726458687
RZnQSH19,-0.405829527898,-0.135011748782,-0.481119187492,-0.762086943137,1.14547847679
Rc4UK7fT,-0.643040351195,-0.165822048244,-0.957751185343,-0.265825624933,0.668646369545
RcKBKh6B,-0.46375226418,0.154050210976,-0.17049391269,-0.216006475787,0.715956628203
ReM5kDa5,-0.0660146268643,0.150973016716,0.245213964937,0.275922066226,-0.917314498571
RfntsotG,-0.510439479293,0.208547843104,-0.440197269482,-0.599617295673,0.765288058796
RiXMlzXD,-0.439230845158,-0.119107105657,-0.341760828456,-0.397448462662,-0.464882571783
Rik83O3m,-0.428130654978,-0.271700954304,-0.29586437288,-0.254887567478,-0.295267356805
S3PCzDzO,-0.249887828472,0.105327073532,0.475774455706,-0.961856455009,0.588231371153
S77BviOJ,-0.466042339009,-0.171189122727,-0.707375483058,-0.133673116549,0.0529768733609
SDdvtktF,-0.404634640763,-0.514572758245,-0.54320760801,-0.257927364337,-0.704139689377
SHs1AyfM,-0.253963998391,0.50804497458,-0.0488170129491,0.000512495105445,1.05342123918
SO4zQy9k,-0.313905910169,-0.329058381811,-0.182612642891,-0.659426725458,0.363822658143
SOOBCoiG,-0.587630725267,0.183933208079,0.0752247429471,-0.840402965221,0.669414503545
SXkkPB7A,-0.479075468923,0.837508488848,0.68949092848,-0.333693801239,1.2879855874
Sa93dGqq,-0.741747644025,0.0200233501309,-1.23804556342,0.929771389267,0.960595924576
SonIG72a,-0.422144816814,0.396749278465,-0.318000881684,-0.298327540674,0.0374267825642
Suf6hIBc,-0.22290002687,0.0487471956686,0.0976490835187,-0.469883910392,0.794795996542
Sx2JeSRz,0.0117864295557,0.370012240443,0.456577014589,0.660585758216,-0.617676435664
T1Tlftr4,-0.241229005773,0.368961236697,0.649752044617,-0.581077653911,1.27035737227
T7ulR4ci,-0.371942250103,-0.221127808292,-0.122085920595,-0.639870932785,1.14298912678
TA1NB3Br,-0.204814617154,0.0766865340134,0.257462409906,-0.410490654618,0.612553328742
TFZUskaK,-0.00642663878011,-0.48684469788,0.0458546741573,-0.252269653007,-0.945736015003
TNL8HGWZ,-0.112737739155,-0.0858412889457,0.145446328795,-0.139828468623,-1.02440984276
TZ8z1GSF,-0.35105731955,-0.145730970926,-0.295576602472,-0.380989823286,0.25804533324
TqhRvkJJ,1.94611584445,-0.668475545408,1.99602825103,-1.19497045681,0.107356789218
TtJCUiY4,-0.557366269597,0.0561322763481,0.347453536883,-0.815246699182,1.74832891741
TwDq0lua,0.593891445687,1.6283105614,1.48082553253,0.0580221558381,-0.802917741979
Tzyf02sI,-0.427454740203,0.472425671607,0.592565632869,-0.692757640432,0.985843589854
U3yI6ZS5,2.9071380255,0.370624662368,1.89714873672,1.15653018037,-0.884511429598
UBLnXZAN,-0.467887607452,-0.497657772991,-1.68626691051,2.06416918377,-0.249653227005
UBWDzleg,-0.342166122169,-0.346410189648,-0.871512067105,0.220551400057,-0.934348099748
UBqkX6SY,1.40782915948,0.30586063236,1.8711338046,-0.362069817639,-0.571168758629
UCIAi1Aj,-0.792173534653,-0.670444658348,-1.41068428584,-0.505453242545,0.00576417960532
UPbXGvCS,-0.0254986610363,-0.142591940303,0.20436260339,0.0609657394113,-0.932726895276
UeWm1l9F,-0.325244076815,-0.0804868240277,-1.11680953273,1.42419284991,-0.208957316746
UhucscY7,-0.76262266528,-0.453030898805,-0.461577422218,-0.828245626199,-0.433407307841
Uri1SvHV,-0.0200115210513,-0.281965652424,0.247966282096,0.112323436832,-1.04642815821
UzxipGJS,-0.370352227612,0.208944378759,-0.371294511997,-0.401057534874,0.648637796408
V74zfaAQ,-0.21872536336,-0.111261101538,-0.0317629330288,0.335340977168,-0.827574220231
VBPxBLTh,1.54444720917,0.541433036319,1.71401638124,0.713045958565,-0.87128682486
VLG7CXYS,-0.193156123802,0.152748467082,0.132401112325,-0.0527961814522,0.747636807358
VNk52SpF,-0.438168155953,-0.657895674057,-1.64469933259,1.891165233,-1.01847838926
VOREKsok,-0.594096232424,0.0710407695565,-0.485353778363,-0.892864641951,1.82330577148
VRhTr5pX,-0.377552550581,-0.455853358388,-0.30581352621,-0.901070559238,0.170735334655
VTcG4Kcw,-0.268709212118,0.496467187237,0.772317144036,-0.0954403088997,0.752836094284
VeKiWSbS,-0.204424831983,0.0252533366093,0.150998982071,-0.457740618546,0.390929785607
VnU8nJHU,-0.392779489117,0.196441792356,-0.161512244136,-0.514357242875,-0.252397948336
VueNCxYv,-0.489882204605,0.0564117546313,-0.614874593975,-0.483081072331,0.36625385563
VxuQTRUl,-0.504938851465,0.0685093803894,-0.267433983242,-0.844244818602,-0.390591696117
W5lgaocA,1.16986069472,0.5160195992,1.97875096283,-0.696149869021,0.415389700245
W5mMq9Ef,-0.395205709812,-0.350620713232,-0.96250764199,0.531679713894,0.140638834986
WDhNqFpS,0.104532595179,-0.2213690256,-0.737719005884,1.39912386699,-1.11918053168
WE6n1kZi,-0.484310161686,-0.516786523532,-1.59270480902,0.969306448983,-0.178246836556
WFk6r3vA,-0.319038417929,-0.0555435787505,-0.42204466136,-0.392232364974,-0.408965718116
WFyIrsUR,-0.480400640228,-1.71183856502,-0.512266962147,0.340526350311,-1.11474929091
WG6ZAsqR,-0.650868825216,-0.25854416493,-0.626167598587,-0.801753924612,1.37631552738
WMq3CZQk,-0.365370563991,-0.783425188932,-1.12194771819,0.322368307377,-1.47019370189
WRskmGjh,-0.349761466413,0.184521835757,-0.318753032838,-0.960183023508,-1.00328489233
WXijSglj,-0.434519247472,-0.427240889993,-0.827463406989,-0.404305094534,-0.520125051156
Wc0stQgu,-0.31648594808,-0.332866372719,-0.896533553887,0.584754160207,-0.707565819956
WewoSCUB,-0.591852496743,-0.286125903349,-0.946133601047,-0.673585092036,0.558924226843
WuHuhHWJ,-0.031244083127,-0.0213561122562,0.456549285312,-0.624924622439,1.06682693815
Wv7EBtZb,1.22932366375,0.577599192681,1.69816628681,0.0857794805323,-0.408756337868
WyPlxDn0,-0.428456345061,-0.070869084594,-0.298824619033,-0.562834123723,0.853781838472
X3WqoSNN,2.08543709339,0.191165457942,1.28474958415,0.701498208177,-1.3486915099
XDhyP9KB,-0.537025936262,-0.279981483873,-0.527579122518,-0.0596416173212,-0.612306739377
XQxhDRMG,-0.813208620319,-0.342179625656,-1.44311402707,0.280677459817,0.997221772785
XjLNAwxW,-0.135598049091,-0.892708314275,-0.557411242845,0.0858636912708,-1.02353445115
XjfVQbXd,0.608376662644,0.609913189516,1.61083231887,-0.629026167477,-0.207123048147
Xovczbf6,-0.614008494534,0.266487074465,-0.588289469804,-0.84818949857,1.80885157044
Y8H4onBf,-0.776991000102,-0.196675569712,-0.46594929738,-0.712606625865,0.683051857828
Y8YgzSZ9,1.85559003551,0.546797511351,1.86457671504,0.313432664498,-0.0337757970964
YC4PNV20,-0.773864196176,-0.353824095457,-0.237589865638,-0.382330581921,1.37944200768
YDHSCRdd,3.92391617773,-0.0592566238938,2.05214564032,2.10513419509,-0.736567221832
YIJ87aME,-0.46343499658,0.47845195809,-0.522371835232,-0.703082863622,0.698407901014
YKvT4dFv,-0.270125464538,-0.182356819693,-0.472562570312,-0.137922898268,0.14954162799
YNebALR2,-0.67050643444,-0.576634163296,-0.995113067714,-0.5606458863,0.368322076019
YNrnqFyb,-0.222449735262,0.327074160784,-0.132899143631,-0.30334528483,0.326262904354
YUZ4lR3m,-0.469673475776,-0.287486925178,-0.468565306017,-0.0878498448186,0.472896094011
YYLvjoVC,-0.00797112456176,0.626190283463,0.580812772184,-0.228621805276,0.570362509225
Yb8OtMb2,0.290868065491,-0.137265363199,0.698422887942,0.349223391313,-1.09911245344
Ycg4lTYw,-0.265199802086,-0.267422966489,-1.05086208809,0.393030561914,-1.00789531402
Yfk6tekH,0.0373156080274,0.42786131834,1.02178913915,-0.322038719236,-0.532616876115
YoSfgmR6,-0.576753237093,-0.235014202771,-0.29021464553,-0.30148653929,-0.267249029431
YpzFvexy,-0.414705524411,-0.0431435113575,-0.565722157776,0.2362831225,0.0302746595353
Yxqppfa3,-0.1326123855,-0.0588457131682,0.0909060381185,0.0807782744493,-0.410958455766
Z16jTUvP,-0.262081045666,-0.144101697776,-0.750334436366,-0.00275830267974,-0.179952430451
Z2BdCCbJ,-0.269557417087,0.273989566443,0.386545646245,-0.402332834291,1.15569676968
Z2JJMM6V,-0.485099425464,-0.13703073384,-0.34352199289,-0.107918508419,0.660217056164
Z5jE1OB5,-0.2257667885,0.348223659317,0.275196739981,-0.103881515453,0.277178461962
ZFsIqYxA,-0.605264531122,-0.293332788477,-0.422842058391,0.00537097068342,0.0572736496834
ZHDVsoRh,-0.422028445025,-0.374955380518,-0.560075535085,-0.167913918003,-0.326850566198
ZSmfu2Fc,-0.370417425014,-0.0733136775886,0.00529139288208,-0.213722220758,-0.613596849793
ZU8YXF3H,-0.590930988945,-0.128650982577,-0.499297020355,-0.96255670256,1.52156591016
ZXKaNy6Z,-0.567839431266,-0.26594435297,-1.18709564288,-0.293166166252,1.25809767016
ZbYLo0zK,-0.350718187223,0.245606395177,-0.0408476720024,-0.56895200435,1.0199961477
ZedN8Gcn,-0.670104563585,0.0858879971661,-0.404421380515,-0.48815391189,-0.0695840078011
ZgD4Dau6,-0.119562846376,-0.236000437407,0.141204253587,-0.65744905492,-0.760340435379
Zgzf79LA,-0.791159922626,-0.457673975927,-0.945204670539,-0.580445085485,0.668354870016
ZjqzxDOF,0.28337425171,0.867981620213,1.10157821849,-0.570471110017,0.220214477358
ZsZ5aDpq,0.085155552193,0.225367648325,0.257077928929,1.10932390683,-0.843486044254
ZtyqE7If,-0.152214883298,-0.689730342034,-0.233468168832,-0.00922704237217,-1.22224477097
ZvUgz01f,-0.188668469585,-0.0470373885177,0.805103783786,-0.842302160462,1.04651885297
ZwrhgdQV,0.600364110361,0.700213549581,1.25082606018,0.837473836578,-0.757288505055
a7bhJGBU,1.87700952822,0.205418337712,1.68819513879,0.477525566825,-0.767542486498
aHpv6KzP,2.98846343782,0.186880897354,2.05913963438,1.0388361293,-0.860852845465
aINzEBVN,-0.596359952236,-0.951814855634,-0.726796667482,-0.366006235927,-0.461949245376
aP9EtTGF,2.63752373144,-0.102321149916,2.15916051015,-0.6223400225,-0.51842832541
aV6EhtSL,-0.47267351668,-0.103026315014,-0.140737603192,-0.579567820344,-0.0405783742004
aVZsXKoH,1.68652077577,0.0343841997423,1.88383790227,-0.77311931169,-0.530421263991
aYVnVJvc,0.00725939842373,-0.0704692084995,0.261391019867,0.860104004523,-1.01447098441
abCzN1zx,-0.56924814966,-0.657551024762,-1.2806641696,0.574244596932,-0.751674029039
ae7sMiB4,-0.138239952057,0.247773450545,-0.273845018103,-0.148430983679,0.291257709672
afsVuCGV,-0.479782695947,0.0796367480466,-0.118168737499,0.0977434765945,-0.546137472448
aiwBQETI,0.0792532642353,-0.286601160936,0.312553494746,-0.0193395293541,-0.900700032908
aiyli4EI,1.93507721134,1.72868155892,1.52548518868,1.32147000267,-0.211559385451
apJ7NmzD,1.97227840822,0.241331675628,2.14372386442,-0.258502786447,-0.347498407301
atVjNMtQ,-0.484053763996,-0.620408279612,-1.31792286899,2.13210626363,-1.09317184148
b5GirVGV,-0.324717798606,-0.389506927546,-0.413593228009,-0.725207503777,0.393972595129
b9SpMjNB,-0.165260249265,0.647322744711,0.380231498066,-0.156443568035,1.01818350665
bAFs37yy,-0.292462620695,-0.206590985023,-0.123185201764,-0.817807896126,1.08049000298
bDia1hHV,-0.298124258921,-0.40396802982,-0.155321413324,0.0443742761659,-0.769280253882
bFkv5Mtr,-0.395629105653,0.35016614354,-0.220315983444,0.528825591485,-0.308391318531
bHe2IXgA,-0.259961648898,-0.285572944427,-1.85983073533,2.56072266229,-0.691838956598
bWX3vUm5,-0.0322970351557,-0.179225380589,0.304217299188,0.410579241443,-0.951631557363
bat8tcGs,-0.0895810105315,-0.525966965844,-0.362093854842,-0.0101020786672,-1.20910578049
bfjej4wu,-0.352286391839,-0.816376049955,-1.29322099756,-0.408165827766,-1.34153510056
bh04YDiP,-0.201301299267,-0.216809906084,-0.204389889564,-0.179632944247,-0.48008588695
c110Fdc8,-0.194965571279,-0.207785310551,0.0685017078832,-0.419976506248,0.0731716073139
c32GUzMa,-0.872688351404,-0.0802857523026,-1.69506441423,0.476159163293,0.971237144579
cT6uU0B0,-0.4321857737,-0.000167343764875,-0.827048161772,-0.585314540549,1.13239035319
cWXCiFwh,-0.554875655218,0.204893921689,-0.512476016683,-0.788921771601,-0.752280340166
ceNvS3yd,-0.482236520179,-0.12670404002,-0.936704071199,0.194863919092,0.0916384164457
cmwdt4Av,1.29764913539,0.37065661376,1.67226164748,0.120048249549,-0.554337636008
cn4EHsup,-0.509085448398,-0.331838861697,-1.41229278939,-0.0176179169622,0.174066573247
crVOGGTT,-0.407833309733,0.435869911066,-0.106063192415,-0.692645312041,1.47001004228
csPEJ1E5,-0.579333249863,0.826702693568,-0.53574210392,-0.369131044758,-0.401537649804
d0UrRtMk,-0.665610355915,-0.270995320429,-0.647770254188,-0.682338398232,1.75894783848
d6LU4G4I,-0.523936013785,-0.13923813974,-1.22492794886,0.497440745538,-0.0756153490255
d74T1DVv,-0.446297628911,-0.0499804460384,-1.0017809175,1.26944901573,-0.851555048711
dR6rM1tQ,0.0475588447169,-0.800990620745,-0.0341187094336,0.180724053123,-1.04524441949
dUNxOoqg,-0.384649655538,-1.04334076177,-1.11914017547,-0.203992993429,-1.24404162942
dUnlyhj7,0.582520435959,-0.312804699252,1.1265417446,-0.874782019127,0.101396270148
dVDlnZQ6,-0.161394805502,0.290791250974,-1.3072852971,0.593465718161,-1.05456088208
dVT26GDu,-0.328657389693,0.232867252754,-0.241085784095,-0.358186629357,0.877926220235
de43ycXY,0.0210104223854,0.94659604463,0.724584492701,-0.799483502407,0.169696338179
dfIn7m9z,-0.313712134382,-0.421116837623,-0.544431574778,-0.484259940451,-0.486622958462
dhmb9ZY9,3.42836452248,0.200080715995,1.97655483655,1.01953884363,-0.919733057314
dn8kCuyf,-0.349784462203,0.0788932693626,-0.416677484582,-0.296374311772,1.11130768347
dpcquvWW,-0.415593176545,-0.213767979743,-0.415114153768,-0.430259634368,0.203741315502
dqcbIMyr,-0.682650468247,-0.385140446948,-1.50120356936,-0.634951792689,-0.0280114536423
drWgsBf5,-0.475046953883,-0.0188572475276,-0.328160664969,0.272324107993,-0.827998678181
dytx0HSe,-0.659334902921,-0.0470232600694,-1.00131829529,-0.777033007208,1.37099331755
e4KkkIha,1.73339937141,0.0174646570268,2.36541081898,-0.850590229751,-0.45184923022
e9YorH4m,-0.140817128664,-0.260911692507,0.643545347441,-0.970792319021,0.566896040661
eB9gVQ0R,-0.532595914722,0.253716770094,0.226822451097,-0.635160677277,1.58812964111
eMhLFqU6,-0.712624991603,-0.320309528313,-1.29591298045,0.192427393184,0.253458956409
eMllg1qm,0.64086839065,0.216146807369,0.829046220222,-0.165343353618,-0.519341199313
eNPunZ9i,-0.723429276112,-0.24798307129,-1.5101222102,0.953987891057,0.498598357306
eS5BSM4J,-0.377174864789,0.044485420272,-0.354021821069,-0.730660451954,1.47554747649
eVGMFoOI,-0.313965789013,-0.377987291528,0.482283376187,-0.872528634088,0.612889654136
eaIwb3rG,-0.314504570675,0.78956195002,0.906586063119,-0.00199594538796,1.34460604216
eyzw8Vis,-0.673510702576,0.540213902322,-0.336753069813,-0.461658936739,1.32852288238
f04Ke2bN,-0.255938766643,0.0428602374436,-0.568254444208,0.289827887251,0.327172939228
f4GA0te1,-0.288685737138,-0.539057449421,-0.379337045256,-0.813244450466,-0.0312115136803
f7bd91h5,-0.408927829918,0.0286604099283,-0.00372805841351,-0.50116187747,1.24086010254
fB7z9ndr,-0.579630711147,0.649464840527,0.419420818152,-0.295307866085,1.58169027676
fEe7AWFA,-0.203164826291,-0.348036323515,-0.0154219941813,-0.0220265333478,-0.765917666247
fJJIbgY9,0.260123492984,0.765884326669,1.42856591534,-0.720821767749,-0.180307828168
fQBURMvg,-0.269823872178,0.28961225673,0.321215882349,-0.444582727897,1.15268755564
fS0HpOub,-0.43932014901,0.0293854596797,-0.122293307154,-0.560132304521,0.751342704183
fTDXauuk,0.232171309394,0.188865337659,1.15432164679,-0.52390505364,-0.703221431184
favPNA2N,-0.696778934336,0.367937286476,-0.922275713483,0.962852366397,1.09793010399
g3Fv0U4k,-0.419581388442,-0.504944492136,-1.08345197481,0.853412069589,-0.238550810819
g5PKo2E2,0.634400544399,0.567027707575,1.5214080708,-0.111774971905,-0.689162257147
gbjnD5fe,-0.289518161028,-0.37749337901,-0.580122288427,-0.985704192961,0.514123518234
ge9zqXCv,-0.36790980167,-0.231541534848,-0.795274711793,0.72296396247,-0.52373972135
geeqJpSE,-0.432334467829,-0.210481523737,-0.0570345166253,-0.76428971543,0.793135573558
gqy1J2RS,0.519934950028,0.185334914604,0.859465475268,-0.0823266263299,-0.94159777838
grlUtS3H,-0.120616273606,-0.187301667604,-0.0845657284902,0.590857401547,-0.743065221439
gx965KYj,-0.179999382204,0.191007331807,-0.220198444835,0.203041297571,-0.0912648237252
h3F08Vjm,-0.591531647185,0.107765518941,0.204755582878,-0.662786933448,0.746440574236
h6FQG8Iy,-0.11010630722,0.628658534599,0.893496052229,-0.469721976446,1.49376936341
h7ftM8b3,1.69904716187,0.29266147271,1.92412984016,-0.653577135512,-0.731942090932
hLrCHXZv,0.0544757061566,0.175588023222,0.518071347377,0.335856113433,-0.867888919596
hQ6VBuFx,-0.484783584499,0.37232589841,0.243782582678,-0.367933832937,1.57426132147
hYoR2y7w,-0.330551026581,-0.782181735852,-0.695646295286,-0.0503896051666,-0.911175089412
hf65yZkM,0.262649995564,0.237738780447,0.422447333813,1.39691534204,-0.620761205978
hjuwe1x4,-0.28342465754,-0.618636832798,0.00681343369465,-0.537942052822,0.224121350455
hyINlsFR,-0.819087509406,0.572255779502,-0.707894171065,0.230303715879,1.1570551701
i0Qlm9Bv,-0.0892864589993,0.266179408273,0.505240186215,-0.594901536222,1.02386971184
i1VxfxMb,-0.199583369871,0.213509124562,0.290148518631,-0.624141541779,1.24659341234
i2l6jXNP,-0.438426170508,-0.0864511125238,-0.592936096669,-0.311225366797,0.128884722157
i4FgPZv7,-0.604069446296,0.449908953537,0.269443003835,-0.999544593967,1.58194409402
i7XtIkSi,-0.298083695479,0.125559848246,-0.491163128861,-0.17267622672,0.241271634257
i9z346Ut,-0.112269557234,-0.05065425201,-0.497019676949,0.668074980795,0.264482077896
iDOat4cZ,2.07841887302,0.770704982007,2.13684324596,-0.611667312355,-0.49540911953
iNv6RoSO,-0.0453016540195,0.186201755972,0.144518554268,0.0318930957235,0.163086561301
iSL9NYzy,3.47328769209,0.146883227484,1.98602553597,1.54893196414,-0.804525303655
iSqVc1r8,-0.0992163298948,1.10384669766,0.544862056173,-0.572610737832,0.24025809493
iYZMftt6,-0.548537037159,-0.687235325152,-0.514412424854,-0.338828734053,-0.75202260494
ieTPaa3c,-0.258573644911,-0.224010268227,-0.715698871049,-0.0804314647221,0.0320040601203
if7BmzU0,-0.449129396926,-0.0574015427137,-0.183614970725,-0.749102814074,0.943488439085
ihNz5bmx,-0.248502988887,-0.123049448949,-0.225914059533,-0.0448835029129,-0.57000822279
ikJXKdIN,-0.619663792876,-0.302712413664,-0.759451396006,-0.6130984316,0.718297717177
iq2kxikN,-0.160383736069,-0.44108204643,-0.0897544968693,0.0842086874101,-1.14548794246
iuZEDJK7,-0.432537190559,-0.166826912214,-0.226825664585,-0.742188143542,0.640696171632
iyF8gVT7,-0.670576544824,0.491237267215,0.0677257832181,-0.567055915313,1.60932716525
j06qdQ0V,-0.435348363377,-0.212957652893,-0.248670285338,-0.212909331276,0.202279882158
j7hl8svO,-0.396665769374,-0.747091427204,-0.286706076444,-0.293943267646,-0.850228507925
j8hMoJUN,-0.541940149934,-0.67018597303,-0.82842036776,-0.737827255635,0.241058403696
jNaFasbV,-0.581526088811,-0.3564448174,-0.978537403347,0.0880833676923,-0.895137121566
jVVHeYHT,-0.411276686559,0.0260658853756,0.33209213776,-0.654504866766,0.975688770305
jXm4ySvK,-0.31996741487,-0.254881255704,0.00842353907655,-0.389387955054,0.661769555499
juO5ii5l,-0.22359902662,0.348727570381,0.509199079986,-0.707680131663,0.834422723341
k2hdEBsU,-0.479508927191,-0.165088518602,-0.53331195349,-0.702997170734,1.4842131109
k3ynMfhN,0.415503138442,0.203957919881,1.28689815653,-0.556670179585,0.465929594709
k9C9yBtr,0.0352357518449,-0.0105117518447,0.41181695464,0.512683591959,-0.925790649623
kAKRvcRo,-0.442403586266,-0.268046299964,-0.801818447491,0.451835466364,-1.00450084395
kBi3R2oC,-0.0505214254367,-0.161093293964,-0.273359088916,-0.481358996471,-0.0505871103661
kDWmnsXe,-0.0928868105308,-0.432159321677,0.399654815867,-0.726767299855,0.0717041053957
kSGBd2Vh,-0.338407500125,-0.00773078986114,-0.0451949779451,-0.767212110312,0.825700186054
kT0miHPT,-0.223179107921,-0.396159230304,-0.312240253984,-0.689083067353,-0.169652616209
kaW0TfRn,-0.471788129891,-0.364860359611,-0.544546314875,-1.0167882677,-0.102327763084
kmg3SowO,-0.433392940903,-0.156057182198,-1.0250223393,0.740039163035,0.0309141109935
kpxKSlnF,2.63451137175,-0.0217601283952,1.87878032404,0.302675889031,-0.0426656227202
ku2cn1MV,0.426072261451,0.837896068436,1.93212243458,-0.0155733378072,0.559694668878
l1su5HU9,-0.410969221036,0.275841846101,-0.342466259774,-0.497092805626,0.748237475671
l8Tg2RvD,-0.479547945261,0.235381638934,0.578232856355,-0.569788967654,1.06939911237
lB6NsVOc,-0.542142584499,-0.379278907017,-0.141059857698,-0.938215102818,0.683068631775
lEcdVyKk,-0.495827129445,-0.000427198341274,-0.246910700956,-0.569478972966,0.986706544367
lH4TasGl,-0.0805398770298,0.0166827478832,0.888138699937,-0.522674271506,-0.437884418844
lO9aggHW,-0.105610231246,0.0889513514745,-0.0377058060218,0.472743607559,-0.167518402483
lW3m9Vzu,-0.556593760924,-0.220913845329,-0.530741117642,-0.254694320103,-0.0215364874831
lYLseGDP,0.175727027996,0.342769741094,0.648821174294,-0.626959969506,0.674883400702
lcOnCdZi,-0.218597164166,0.276691738612,0.683945488004,-0.667085410747,-0.285891376166
le9YGwON,-0.12264548163,0.384079082136,0.264221245506,-0.257431914805,0.337167924111
llMvu3TX,2.55067262047,-0.290424175968,2.14833334209,-1.2256101613,0.0145075430889
lnHh2jFO,-0.0965197766324,0.643737671684,1.00700772544,-0.770303709368,0.496457528566
m07CVXd4,-0.588832236705,0.340783600474,0.736976785393,-0.789225743702,1.85668399754
m1lPk91z,-0.275002302894,0.117497258789,0.442422271206,-0.568134579971,1.36997338807
m9IQdmwa,-0.296503753631,-0.310598268353,-0.354305296767,-0.612443819314,0.682775109223
mG9BRy5x,-0.577492860924,0.166425346005,-0.752835306786,-0.00888509370254,0.398251671191
mVHXnama,-0.493121497145,-0.961665932535,-0.717096097461,-0.312766930479,-0.475072403668
mXyrR6nU,-0.490308770393,0.324967124454,-0.82091482704,-0.182557984314,1.38570660073
mbzNdxNc,-0.335435109547,-0.0447367937865,-0.319084123235,0.490723235023,-0.494410428187
mntH7g3L,-0.128983828596,1.10996069226,0.436784923918,-0.815268658699,0.52390181936
msRTXP3H,-0.185490632156,-0.159017539677,0.068197838273,-0.234224093702,0.424191749501
mxBjvIPR,-0.474131847184,0.259403265967,-0.409945054739,-0.537929870172,0.4929533411
n8Opmfbz,1.66391406074,0.391364093925,2.26172394589,-0.458279647418,-0.156161908243
nOkgU29Q,-0.429976665407,-0.764845730316,-1.48551989164,-0.261083646236,-1.52836129987
nhttf7VM,0.0876411004241,0.637222801844,0.994351736004,-0.127285888224,0.446654480846
njLbXYa3,-0.423592242741,-0.368690877164,-0.32090859566,-0.684376627997,-0.389026177628
nwkIpzmh,0.613498090478,0.384069974549,1.14621886434,-0.549010282956,0.357264989969
nzB1R9Zg,0.0218852855518,0.105114163228,0.718648354917,-0.771560696865,0.214521819683
o1rZRI84,-0.759376691368,-0.196215949193,-0.32239155071,-1.07434147134,-0.22180070252
o7q5Mbty,-0.0751864762597,-0.440034622968,-0.00612370973106,0.136773547151,-1.06045741427
oCBvysqB,-0.684136019906,-0.322656680053,-0.311858284659,-0.79678081544,-0.543594803882
oDmycTPH,-0.689403964058,-0.245981993548,-0.384545086393,-0.793588488907,0.985101778831
oFAXZvQv,-0.213416995425,0.136900704308,-0.341271034378,-0.477329302993,-0.648716250012
oHE3M1zX,-0.327114095567,0.386465627451,-0.174761131918,1.18689807821,-0.170343894857
oMhVmSpV,-0.148762771089,-0.16304044666,-0.661163992093,-1.20432451594,-1.37860844119
oNsDqVbi,-0.0681487083902,0.72896935133,1.27830585455,-0.657436018746,0.189656079347
oYAJqQk8,-0.464531439458,-0.742022677553,-0.184523506701,-0.907414390697,0.687836732794
ob5Kb6dW,-0.470779304786,0.0236341233522,-0.413054575696,-0.503645668762,1.21762158593
obnzqs79,-0.569359428383,-0.498161685268,-0.748337451931,-0.459106085921,0.0757434411899
oncLcgRP,-0.231119757157,-0.242369480104,-0.53906406961,-0.171717119008,-0.337708603028
ooWVYaAe,-0.292211205434,0.190881478116,-1.59288569546,1.14190462945,-1.07208799052
osdyOUnV,-0.662408750197,-0.134234872181,-1.54804198212,0.486558427658,0.181931186122
p7H9CzCv,-0.64941377678,-0.967003725018,-2.01502277029,-0.190635549863,-0.811672205407
p7U9hVhY,-0.342715559092,-0.0185376894252,-0.324077311645,-0.431467536914,0.301205457723
pE6Cf1RV,-0.315675078033,0.405843679075,0.398782263324,-0.337119227974,0.953916908015
pI7qzotI,-0.447612886126,0.62744903071,-0.0527340433429,0.511013577048,-0.738696044921
pJrIA4sk,-0.400787035292,-0.413104956711,-0.479938155997,-0.769808051466,0.0873611443816
pXne2CLZ,-0.468449976478,-1.78877708096,-0.734608787429,0.964937766399,-1.03264868445
pZMcDIOS,-0.338994026583,-0.269058554808,-0.432087020866,-0.864551392062,0.780789832778
pavfp3cc,0.186441989889,0.0640904798632,0.457108681508,0.0323144697243,-0.606091530814
pbQdC5L3,-0.784826052163,-0.579397562587,-0.465446008097,-0.693141322123,0.554387088308
pgj7aAFP,-0.313845952141,-0.106230056256,-0.345890686661,-0.499132486715,0.211394429671
pxg8G3ed,-0.861294048332,0.283580413088,-0.521757904999,-0.442491207167,1.32482472387
q36Npk6l,-0.80863143241,-0.416612294443,-0.613288965345,-0.799520008681,1.14065168052
q4aDOVvq,0.578347867714,0.975040726361,0.959292162683,0.651669254745,-1.00301211908
qGmfR9CN,-0.253209926902,-0.417965954434,-0.768828118762,0.414899479849,-1.11117378923
qJ51ODpA,-0.363792074755,-0.124706330328,-1.04802321157,0.716584907851,0.187435203565
qQX3cs3I,-0.139317657207,0.338136145304,0.870411912548,-0.79400516214,0.576175595776
qXeIxPb8,-0.326810279757,0.00416063109454,-0.148490014439,-0.38287874272,0.903549880088
qYQ4MShM,0.0944118251197,-0.250034842786,-0.0519504760649,0.52998096592,-0.981847743716
qa0etnhK,-0.192974817693,-0.0154305070302,0.0780079125285,0.206407515056,-0.429070111518
qbL4sboq,-0.694978651535,-0.106075355448,-0.280999886276,-0.648716699439,0.723744318585
qbYrsWHq,0.547212946035,0.805741634099,1.63795141804,-0.199590237493,-0.181821460925
r1zmcUqQ,0.687154516509,0.22447352738,1.09157444834,-0.559775113839,-0.819423537023
r54iHeQC,-0.255151630862,-0.00758510592736,-0.0490547995161,-0.595133695405,0.727316518696
r6xrAnQV,3.78867767679,0.582008513587,2.06113115206,0.0332327324721,0.164991974826
r9HxnQDg,-0.177159830345,0.394583456005,0.646655034885,-0.195340536025,0.937773076134
rG8Puuf9,0.660593448919,0.558643266282,1.05333572357,0.361651065659,-0.888998652977
rGuiefuR,-0.209387552807,-0.502323315324,-0.535593561346,0.0532243394356,-1.18968710321
rJ19OhGP,-0.507043854734,0.328412306263,-0.0554082829033,-0.517036974528,1.65967751599
rOCYepHd,0.247105504931,0.104036552467,0.933511077891,-0.838338794511,0.334901212558
rQJaOPFI,0.125410279295,-0.364746595902,0.561560707573,-0.722969633376,0.187744652722
rQhZtZeh,-0.180467393058,0.435539358739,0.668242198938,-0.449675789945,1.20548119641
rapmok0w,-0.404549515276,-0.442507612448,-1.3916804307,0.410431457201,0.429161215418
rgzfnPVu,-0.301671788305,0.115985279231,0.527397778057,-0.844895885492,0.751937091252
ri4qhb1S,-0.489934527529,-0.122106690353,-0.808875786809,-0.573352262918,1.23912556538
rqpFYzff,-0.624430765399,0.306898717199,-0.692956561711,-0.486523195971,0.403064460198
rrs22coX,-0.500038685622,0.180884189716,0.253198405166,-0.161608278584,1.02885349198
sEeUCQLc,-0.570532494038,-0.0262003411758,-0.634362792047,-0.405022773085,0.699021345247
sHScwqQl,-0.6198102225,0.374715667168,0.102523773944,-0.800441711834,1.88547911386
sNC7DiAt,-0.796371542988,-0.502356068126,-0.310134664685,-0.530289889212,1.36277546223
sNK2TSs3,-0.599628204191,0.774150063974,0.555073540848,-0.353668914123,1.06312122311
sO7Su6uw,-0.887642637587,-0.948857241427,-2.1604918892,-0.415070395991,0.0821626997206
sOWZx89o,-0.575101484324,-0.650333092302,-1.06452641094,-0.961780388941,0.627460164284
sPbRcPjC,0.0749249331942,-0.123173386753,0.235382633237,0.434066409458,-1.19179862389
scVUfTKI,0.540425648437,2.30770632906,0.338748753351,2.17456065997,-1.10044389815
seRaGeVv,-0.402313610346,0.268447865243,-0.117684871984,-0.189248123292,1.09332074872
sgtwiYWi,-0.419074709965,-0.627415742713,-0.995857825175,0.111366085679,-0.33016720088
sjmLHcT6,-0.466949835867,-0.243380112612,-0.509171833643,-0.497162924838,0.447715362415
skZUZZGS,-0.632054681937,-0.649731677606,-0.227555325809,-0.563331101976,0.629641937209
suAmzADX,-0.287625400736,-1.40025744728,-1.12238793976,1.92943888128,-0.836029153418
t4GWLqlO,0.595421569834,-0.178777325641,1.0581895584,-0.591403139847,0.0808761728675
t7gy6Jyy,0.384304587132,-0.01623860077,1.13913855509,-1.49532510262,0.398258944155
tBadzH60,2.01617177939,0.307534109649,2.26213968299,-0.42901306165,-0.0825776712926
tXUWm0hp,-0.164647481664,-0.214782152346,-0.231012863507,0.464155776242,-0.517281297406
te6UPPxf,-0.509543885406,-0.269385186558,-0.421165488148,-0.827607080381,-1.34036660624
ti2lamkL,0.284257749362,0.244523174077,0.851127622739,-0.46598399646,0.233645005835
tr0lpwuU,0.056716918358,-0.985875646055,-1.50990951523,2.44224774508,-1.09202670979
ttdB5C73,-0.383064007971,0.327340585241,-0.0504898845044,-0.0918331007062,0.968440052569
twS8YZu9,-0.472256760278,-0.435721990732,-0.435800246169,-1.07818769297,0.255508806117
tx68W34H,-0.509363350431,-0.162393929148,-1.03756686379,0.536262735849,-0.699436094672
tyQSX4mY,-0.234975739292,-0.0613753134056,0.280996363138,-0.918360133852,0.862747435873
tylKCRc0,-0.35275620761,0.148323609727,-0.0354216345077,-0.475929403925,0.520651604799
u1544WUo,-0.515440043153,-0.0518089209473,-1.13041422912,-0.376971485415,1.23023605606
uAw9an0d,0.189953600319,0.676207647338,0.650485250297,-0.345696346806,0.249029238148
uLZAEXMG,2.2332260471,0.290946074524,2.09267205516,-0.24330353968,-0.59596512646
uMwe1s7I,-0.594556934785,-1.48498207122,-0.566855641342,0.658070475741,-0.780644409451
ufhGeV3q,-0.638220670319,-0.712038445544,-0.458991634417,-0.680820967708,0.454086176822
uhAeGBHo,-0.692924981118,-1.29388575079,-2.3350224018,-0.442348082658,-0.946992517091
ujHNlqpw,1.05711842536,1.17481395834,1.52254905984,0.104482253208,-0.584962396819
ulV6kuhB,-0.255823191876,0.183567205864,0.349143651982,-0.574636473883,0.733293782818
uohEnNEK,-0.54879761868,-0.174073016186,-1.00047234516,0.899631440919,-0.827556686224
v1lhA8I4,-0.420963189481,0.319193118736,0.617300665129,-1.04250843523,1.4314963299
v3JzigLI,-0.831623649243,-0.389173555455,-0.460436081357,-0.779639890252,0.927617923063
v5IwjyIg,-0.655493847545,-0.217137526923,-0.359822180636,-0.688024128608,-0.876497729584
v6lp5TK1,-0.246963119283,-0.0132334865891,0.406016350947,-0.771514256689,1.52269369934
v8vOaaWq,-0.32105456944,-0.165191770507,-0.944658694875,0.393974067682,0.373216511054
vAYKtoil,-0.752764831016,-0.219961437263,-0.612498999365,-0.567076542814,-0.868019669457
vGTNQa6G,3.32309901127,-0.00398463770063,2.01753272706,0.706430623519,-0.208991399016
vQzNxHoL,-0.63576272333,-0.145386855868,-0.640271685485,-0.81944930895,-1.01267449496
vfZGBUJm,-0.32508206739,-0.0547634679116,-0.0210068115865,-0.105652080948,-0.282305149761
vlooVUoT,-0.366192264397,-0.360246506337,-1.40791723248,0.385069144694,-1.15846582921
vrACvd4O,-0.503755515468,-0.214611460012,-0.211084657476,-0.553158528797,-0.362712517252
w8hdjLwb,-0.250970839134,0.39596630425,0.150459703281,-0.476285215854,1.24615598468
wAntv4gH,0.0703171949759,0.598915692221,1.35256784587,-0.492160165508,0.431241056537
wIUL09q0,-0.622789730106,-0.397046196585,-0.874853683232,-0.573767934487,0.434541754515
wOzx7Fgz,-0.58969472456,-0.0469438524231,-0.224878094316,-0.647478903844,0.144165245003
wPhjhCJQ,-0.404496538583,0.12296065478,-0.155432148811,-0.507166795464,1.47328663132
wQSWWmYB,-0.385622391296,0.299062612365,-0.595985225014,-0.292186504336,1.03386114387
wdIMrXwy,1.94283992571,-0.0261552319796,2.13904143645,-1.00947919514,-0.00713620597446
wiL9npQc,-0.447321049217,-0.418806538408,-0.84788953586,-0.829524971467,0.700616938857
wnU95Cxn,1.73087159434,0.492812674109,2.86266490493,-0.969950790152,-0.485565576803
wpJbbjJs,0.155542183327,0.55930032885,0.943574449495,-0.207847934374,0.293335335552
wsOWTAbI,0.972722689894,0.812818942292,1.41337182799,1.11406875674,-0.909749612582
wtdBcU3U,-0.619459095325,-0.13837468525,-0.10344450165,-0.517699376482,0.330435462734
wuKXVxOc,-0.76815974714,-0.613173670331,-1.41044645623,-0.422670492627,0.909083625708
wyzadAt8,-0.441660453773,-0.140959341737,-0.882312314241,-1.074477772,1.29615624081
wzaKzYwi,-0.0280210535498,-0.51804677283,1.16529997761,-1.23276067309,0.401654542612
x6GCk4EV,-0.27722534295,0.0390279352626,0.0448768277252,-0.642719332083,0.382884223329
x6lUi3vf,0.15045961956,-0.0850124594935,0.139669614629,0.545386441705,-1.09945089502
x8mwDHv9,-0.308542249901,0.00107505296436,-0.183393895975,-0.332372840028,0.176182706428
xIYm6puH,0.658455526568,1.14796253371,-0.0127413212457,0.880168591608,-1.03032590704
xO6UdpsK,0.729240696259,0.478684426156,0.269927443503,-0.113226500939,-1.12560012455
xQ2bkOvj,-0.560797468222,-2.01689645264,-0.553684123145,0.243232579308,-1.10832944836
xeXyDCEQ,2.62201386271,0.155216969494,1.82154115075,1.0194036808,-1.08931873628
xrggHziO,-0.200913630189,0.104479267559,0.0854737194694,-0.460967382456,0.448215650007
y1WMCmqQ,-0.507445459823,-0.319094966862,-0.463907324865,-0.437238030267,0.409322428206
yDngezhM,-0.393391123858,-0.571605405167,-0.533677205334,-0.504870108594,-0.00733249075604
yLiFjMD0,-0.482686623884,0.350400751275,-0.129674200696,-0.81896145231,1.42525098829
ySwEBO7w,-0.342982789268,-0.132622581216,-0.396950551829,-0.424314854549,-1.17513707724
ydC9UsSm,-0.445871504096,-0.133626036166,-1.55555109858,0.952658952986,0.434367758441
ydEG4VBd,-0.412172890932,0.0661400476245,-0.914628563029,-0.0858327719223,1.14831191504
yf76yWXc,-0.261055045622,1.02515109153,0.503753355736,-0.601937734614,0.109372836166
yg70e63n,-0.30379720752,-0.206248543953,-0.681167907647,-0.326672627999,0.220178011314
ywxtlSKv,-0.682693990054,-0.366168713915,-0.538257289779,-0.93306396282,-0.0578064545491
yzKPQPOR,-0.63482168986,-1.726000593,-0.26803686758,-0.0480076448928,-1.04277457592
z5cnOnZ1,-0.473488889155,-0.425745903906,-0.49343901642,-0.460617079811,-0.394707032384
zFLkOE0e,0.331231524221,0.174136965364,0.754269435865,0.793873292908,-1.06711083107
zGi72mxL,-0.440788009622,-0.768346986127,-0.564727624595,-0.0933258612808,-0.901351245601
zN925UV3,-0.348437140242,-0.418588962862,-1.08363383264,0.103586465038,-1.02051375255
zTy2ih7e,-0.822716934206,-0.456847661002,-1.07231747741,-0.52386964058,0.796737051885
zVFzAutw,-0.360647723699,0.379194031328,-0.220471939984,-0.404481780436,1.01162857263
zYxNAkht,-0.476940565117,-0.0831389372665,-0.682057379349,-0.78163172476,0.693705121725
zaWDBai3,-0.680711414875,0.55105637298,-0.429319199945,-0.0335120317189,1.44241888784
zg3u0Zsx,-0.200757399924,0.430112740844,-0.168715219322,0.0253182730504,0.330483092286
zlwLfdsS,-0.400026820008,-1.28777448441,-0.924594471962,0.928385938581,-0.934961381174
zmbKzVfl,-0.831676839755,-0.868568792203,-1.87927086511,-0.0217149021487,0.238398510901
